name_1,l,b,RA_1,dec_1,viewreduceddatum,name_2,type,created,modified,ra_2,dec_2,epoch,parallax,pm_ra,pm_dec,galactic_lng,galactic_lat,distance,distance_err,scheme,epoch_of_elements,mean_anomaly,arg_of_perihelion,eccentricity,lng_asc_node,inclination,mean_daily_motion,semimajor_axis,epoch_of_perihelion,ephemeris_period,ephemeris_period_err,ephemeris_epoch,ephemeris_epoch_err,perihdist,priority,ztf_alert_name,TNS_ID,classification,maglast,dont_update_me,jdlastobs,aavso_name,cadence,gaia_alert_name,fun name,update_me,tweet,gaiadr2_id,calib_server_name,dicovery_date,Sun_separation,Separation
Gaia16aye,64.99988,3.83903,295.00474,30.13149,,Gaia16aye,SIDEREAL,2021-01-12 14:19:00.538478+00:00,2022-08-18 01:16:10.944103+00:00,295.00475,30.13148888888889,,,,,64.99988641938148,3.839020499407541,,,,,,,,,,,,,,,,,,0.0,,AT2016eta,,15.6,false,2459796.56367,,100.0,Gaia16aye,,,false,2032454944878107008,ivo://Gaia16aye,,126.74222977448895,0.031391413522555665
Gaia17bej,1.212407,-7.110246,274.2544,-31.38352,,Gaia17bej,SIDEREAL,2019-12-06 22:50:20.504713+00:00,2022-08-18 01:00:09.186621+00:00,274.2544,-31.38352,2000.0,,,,1.212415988802437,-7.110247521449645,,,,,,,,,,,,,,,,,,0.0,,,Microlensing,17.62,true,2458770.747,,100.0,Gaia17bej,,,false,4046296562307158784,ivo://Gaia17bej,,128.4389927921117,0.0
Gaia17cdh,351.62572,1.37489,259.6346,-35.19465,,Gaia17cdh,SIDEREAL,2019-12-06 22:53:43.949151+00:00,2022-08-18 01:00:19.044721+00:00,259.6346,-35.19465,2000.0,,,,351.6257188556165,1.3748885511775522,,,,,,,,,,,,,,,,,,0.0,,,Microlensing,20.19,false,2459667.51698,,100.0,Gaia17cdh,,,false,5975554979227742208,ivo://Gaia17cdh,,115.94015241149228,0.0
Gaia17ddi,63.26867,2.77035,295.10007,28.10117,,Gaia17ddi,SIDEREAL,2021-02-02 17:36:43.896671+00:00,2022-08-18 01:25:08.241459+00:00,295.10007,28.10117,2000.0,,,,63.26866903151577,2.770347433320669,,,,,,,,,,,,,,,,,,,,,,,false,,,,,,,false,,,,128.33581881880394,0.0
Gaia18bmt,314.32362,4.07498,214.01478,-56.9134,,Gaia18bmt,SIDEREAL,2021-01-12 15:10:44.677262+00:00,2022-08-18 01:21:49.307031+00:00,214.01479166666664,-56.913399999999996,,,,,314.3236266853044,4.074979566711287,,,,,,,,,,,,,,,,,,0.0,,AT2018cmm,microlensing event,15.6,false,2459782.04998,,100.0,Gaia18bmt,,,false,,ivo://Gaia18bmt,,89.07629970534462,0.0229280529721595
Gaia18cbf,337.59429,8.41312,241.1619,-41.10483,,Gaia18cbf,SIDEREAL,2019-12-06 23:00:06.642716+00:00,2022-08-18 01:00:28.547592+00:00,241.1619,-41.10483,2000.0,,,,337.5942853769614,8.41312200789855,,,,,,,,,,,,,,,,,,1.0,,AT2018etg,Microlensing,20.2,false,2459779.8162,,100.0,Gaia18cbf,,,false,5995134605563805056,ivo://Gaia18cbf,,101.7196616934735,0.0
Gaia18cik,27.85673,2.42551,278.37988,-3.40325,,Gaia18cik,SIDEREAL,2019-12-06 23:36:24.947176+00:00,2022-08-18 01:00:51.715038+00:00,278.37988,-3.40325,2000.0,,,,27.856733634501268,2.4255143800597967,,,,,,,,,,,,,,,,,,0.0,ZTF18ablpewa,,Microlensing,20.51,false,2459686.99325,,100.0,Gaia18cik,,,false,4258018933600303616,ivo://Gaia18cik,,130.92219113044797,0.0
Gaia18dep,274.94312,-6.79692,135.15049,-56.54687,,Gaia18dep,SIDEREAL,2021-01-12 17:49:34.182909+00:00,2022-08-18 01:23:22.290949+00:00,135.15049999999997,-56.54686944444444,,,,,274.9431247857883,-6.79691628608494,,,,,,,,,,,,,,,,,,0.0,,AT2018hpm,,16.21,false,2459783.01921,,100.0,Gaia18dep,,,false,,ivo://Gaia18dep,,70.50763315515312,0.01994569315068523
Gaia18dif,305.36617,3.97894,197.55161,-58.80407,,Gaia18dif,SIDEREAL,2021-12-03 12:31:18.574508+00:00,2022-08-18 01:42:54.211013+00:00,197.55161,-58.80407,2000.0,,,,305.3661736314417,3.9789410648935166,,,,,,,,,,,,,,,,,,0.0,,AT2018idb,Microlensing,18.52,false,2460000.5,,100.0,Gaia18dif,,,false,,ivo://Gaia18dif,,82.82117621876027,0.0
Gaia19bcm,292.06864,-11.9323,156.89485,-71.70096,,Gaia19bcm,SIDEREAL,2022-03-25 14:47:56.934886+00:00,2022-08-18 01:54:05.357186+00:00,156.89485,-71.70096,2000.0,,,,292.06863849118577,-11.932296537632253,,,,,,,,,,,,,,,,,,0.0,,AT2019cli,microlensing event,14.32,false,2459780.27905,,100.0,Gaia19bcm,,,false,,ivo://Gaia19bcm,,85.20430506728938,0.0
Gaia19bir,327.63369,3.43335,234.64341,-51.24145,,Gaia19bir,SIDEREAL,2019-12-07 23:41:59.961284+00:00,2022-08-18 01:02:18.990918+00:00,234.64341,-51.24145,2000.0,,,,327.63368966991044,3.4333490150530364,,,,,,,,,,,,,,,,,,0.0,,,Microlensing,20.89,false,2459779.80804,,100.0,Gaia19bir,,,false,5889218306872888960,ivo://Gaia19bir,,98.8027207665126,0.0
Gaia19bld,301.52358,-3.27762,189.38565,-66.11136,,Gaia19bld,SIDEREAL,2019-12-07 02:06:57.058070+00:00,2022-08-18 01:01:17.932808+00:00,189.38565,-66.11136,2000.0,,,,301.5235792294228,-3.2776165054201565,,,,,,,,,,,,,,,,,,0.0,,,Microlensing with finite source effect,14.81,true,2458961.1026205,,100.0,Gaia19bld,,,false,5860179620698137600,ivo://Gaia19bld,,85.30987792453435,0.0
Gaia19bsy,52.11138,-5.5537,296.90816,14.2932,,Gaia19bsy,SIDEREAL,2021-10-26 05:37:24.745092+00:00,2022-08-18 01:41:49.884796+00:00,296.90816,14.2932,2000.0,,,,52.11137765716817,-5.553697372953512,,,,,,,,,,,,,,,,,,0.0,ZTF18aczojlw,AT2019ffe,Microlensing event with parallax or binary lens effect,15.02,false,2459740.70265,,100.0,Gaia19bsy,,,false,4317386033190228864,ivo://Gaia19bsy,,139.3532538618537,0.0
Gaia19cyv,86.49215,-3.55857,318.26333,43.33763,,Gaia19cyv,SIDEREAL,2021-02-10 13:39:44.060878+00:00,2022-08-18 01:25:24.025287+00:00,318.26333,43.33763,2000.0,,,,86.49215322046867,-3.558573123121836,,,,,,,,,,,,,,,,,,,,,,,false,,,,,,,false,,,,122.83428479067008,0.0
Gaia19dak,68.12477,-1.71745,302.36516,29.93588,,Gaia19dak,SIDEREAL,2019-12-09 02:34:29.459293+00:00,2022-08-18 01:04:03.635744+00:00,302.36516,29.93588,2000.0,,,,68.12477328556818,-1.7174535423437212,,,,,,,,,,,,,,,,,,2.0,ZTF19aavpwbe,,"Microlensing, possible binary or parallax",19.0,false,2459796.56829,,5.0,Gaia19dak,,false,false,2029574907257622912,ivo://Gaia19dak,,130.67836207435263,0.0
Gaia19dke,62.01113,5.70414,291.49451,28.40686,,Gaia19dke,SIDEREAL,2021-01-13 17:55:27.147813+00:00,2022-08-18 01:23:44.500550+00:00,291.49451,28.40686,2000.0,,,,62.011128810184644,5.704135187425682,,,,,,,,,,,,,,,,,,10.0,,AT2019ndl,long-term microlensing event with parallax,15.44,false,2459807.38709492,,1.0,Gaia19dke,,,false,,ivo://Gaia19dke,,125.95529740163262,0.0
Gaia19dqf,8.06679,5.68777,265.68724,-19.09842,,Gaia19dqf,SIDEREAL,2019-12-11 00:25:38.503581+00:00,2022-08-18 01:05:55.673696+00:00,265.68724,-19.09842,2000.0,,,,8.066787056497615,5.687770820470105,,,,,,,,,,,,,,,,,,0.0,,,Microlensing,18.7,true,2458952.395,,100.0,Gaia19dqf,,,false,4120111897425615616,ivo://Gaia19dqf,,121.03343329591056,0.0
Gaia19dsb,40.14075,-2.6242,288.5015,5.20312,,Gaia19dsb,SIDEREAL,2019-12-11 00:30:54.382054+00:00,2022-08-18 01:06:43.113896+00:00,288.5015,5.20312,2000.0,,,,40.14075346292645,-2.6242025420244826,,,,,,,,,,,,,,,,,,0.0,ZTF19aavtxjc,,Microlensing,19.02,false,2459735.20309,,100.0,Gaia19dsb,,,false,4293519239207122048,ivo://Gaia19dsb,,137.4819735429228,0.0
Gaia19duw,76.70682,7.51374,298.19944,42.07147,,Gaia19duw,SIDEREAL,2019-12-07 23:19:28.922752+00:00,2022-08-18 01:02:01.634252+00:00,298.19944,42.07147,2000.0,,,,76.70682324150127,7.513738568364024,,,,,,,,,,,,,,,,,,0.0,,AT2019oye,Parallax microlensing,18.52,false,2459800.64015,,100.0,Gaia19duw,,,false,2078420406388651520,ivo://Gaia19duw,,118.62165037287532,0.0
Gaia19dyo,28.04931,-1.70718,282.15307,-5.12344,,Gaia19dyo,SIDEREAL,2020-01-20 12:09:27.747077+00:00,2022-08-18 01:09:08.630674+00:00,282.15307,-5.12344,2000.0,,,,28.04931155576415,-1.7071792702174295,,,,,,,,,,,,,,,,,,1.0,ZTF19abtvtfc,,Microlensing,18.29,false,2459687.99325,,4.0,Gaia19dyo,,,false,4255067810042810368,ivo://Gaia19dyo,,134.98656126261676,0.0
Gaia19eca,6.09968,-2.43848,272.20203,-24.88254,,Gaia19eca,SIDEREAL,2019-12-11 01:04:26.972949+00:00,2022-08-18 01:06:49.679094+00:00,272.20203,-24.88254,2000.0,,,,6.09968283988918,-2.4384755554040036,,,,,,,,,,,,,,,,,,0.0,ZTF19abagvae,,High-mag microlensing,15.83,true,2458952.65,,100.0,Gaia19eca,,,false,4065780659901123072,ivo://Gaia19eca,,127.20006795828182,0.0
Gaia19eim,306.46773,-0.74777,200.77615,-63.40191,,Gaia19eim,SIDEREAL,2019-12-11 01:30:07.067166+00:00,2022-08-18 01:06:49.769007+00:00,200.77615,-63.40191,2000.0,,,,306.46772826740306,-0.7477672704607087,,,,,,,,,,,,,,,,,,0.0,,,Microlensing,18.49,true,2458939.164,,100.0,Gaia19eim,,,false,5865179649848744448,ivo://Gaia19eim,,86.96593813857152,0.0
Gaia19eku,290.24275,-1.6402,165.21395,-61.7568,,Gaia19eku,SIDEREAL,2020-01-14 12:18:16.710686+00:00,2022-08-18 01:07:52.919268+00:00,165.21395,-61.7568,2000.0,,,,290.2427526255508,-1.6401958179499352,,,,,,,,,,,,,,,,,,0.0,,,Microlensing,19.82,true,2458936.496,,100.0,Gaia19eku,,,false,,ivo://Gaia19eku,,76.36743488545861,0.0
Gaia19esp,303.54394,-0.94797,194.24624,-63.81313,,Gaia19esp,SIDEREAL,2020-01-14 12:16:28.272526+00:00,2022-08-18 01:07:45.126609+00:00,194.24624,-63.81313,2000.0,,,,303.5439393368464,-0.9479742672600333,,,,,,,,,,,,,,,,,,0.0,,AT2019tgd,Microlensing,17.68,false,2459781.79084,,100.0,Gaia19esp,,,false,,ivo://Gaia19esp,,85.05380343759958,0.0
Gaia19evd,288.02612,-4.46373,158.13601,-63.24245,,Gaia19evd,SIDEREAL,2019-12-11 22:29:02.096380+00:00,2022-08-18 01:06:58.035404+00:00,158.13601,-63.24245,2000.0,,,,288.02612464457803,-4.4637272917707715,,,,,,,,,,,,,,,,,,1.0,,,Microlensing,18.59,false,2459782.45506,,100.0,Gaia19evd,,,false,5252000741025317504,ivo://Gaia19evd,,76.97920887459816,0.0
Gaia20ayb,1.34975,-7.63305,274.87197,-31.50297,,Gaia20ayb,SIDEREAL,2020-02-24 07:27:13.399900+00:00,2022-08-18 01:10:18.115996+00:00,274.87197,-31.50297,2000.0,,,,1.3497479528362848,-7.633052487645416,,,,,,,,,,,,,,,,,,0.0,,,Bulge long microlensing,17.61,false,2459690.6898,,100.0,Gaia20ayb,,,false,4046236948112467456,ivo://Gaia20ayb,,128.9363148204504,0.0
Gaia20bgu,308.40269,-1.98481,205.559,-64.31565,,Gaia20bgu,SIDEREAL,2020-03-23 11:56:05.948282+00:00,2022-08-18 01:11:10.316694+00:00,205.559,-64.31565,2000.0,,,,308.402691449006,-1.9848130347445891,,,,,,,,,,,,,,,,,,0.0,,,Possible bright microlensing,16.67,false,2459781.04372,,100.0,Gaia20bgu,,,false,,ivo://Gaia20bgu,,89.20461701596979,0.0
Gaia20bof,299.26406,-0.86052,184.61816,-63.49726,,Gaia20bof,SIDEREAL,2020-04-24 13:40:13.150487+00:00,2022-08-18 01:11:19.059027+00:00,184.61816,-63.49726,2000.0,,,,299.2640646132733,-0.8605200108816017,,,,,,,,,,,,,,,,,,1.0,,,bright microlensing event,15.79,false,2459782.28799,,10.0,Gaia20bof,,,false,,ivo://Gaia20bof,,81.99880945665248,0.0
Gaia20cfp,292.0937,6.21947,173.81875,-55.04153,,Gaia20cfp,SIDEREAL,2021-10-25 12:41:40.568407+00:00,2022-08-18 01:41:23.439391+00:00,173.81875,-55.04153,2000.0,,,,292.0936964790139,6.219474809973157,,,,,,,,,,,,,,,,,,7.0,,AT2020jsz,Microlensing,19.03,false,2459784.71146,,2.0,Gaia20cfp,,,false,,ivo://Gaia20cfp,,71.92070981821924,0.0
Gaia20cwd,53.92068,1.2326,291.63793,19.17868,,Gaia20cwd,SIDEREAL,2020-08-14 06:59:14.304033+00:00,2022-08-18 01:12:34.636455+00:00,291.63793,19.17868,2000.0,,,,53.920684374304955,1.2326009841893735,,,,,,,,,,,,,,,,,,3.0,ZTF20aaybkbm,,potential microlensing event candidate or Be star,16.49,false,2459807.7438426,,5.0,Gaia20cwd,,,false,4515586537497090816,ivo://Gaia20cwd,,132.3511028503131,0.0
Gaia20drf,342.58079,-2.0536,256.28434,-44.52041,,Gaia20drf,SIDEREAL,2021-04-29 01:16:32.072081+00:00,2022-08-18 01:30:11.354860+00:00,256.28434,-44.52041,2000.0,,,,342.5807909393045,-2.053598625411865,,,,,,,,,,,,,,,,,,4.0,,AT2020rbh,,17.56,false,2459690.27799,,1.0,Gaia20drf,,,false,,ivo://Gaia20drf,,112.88835979498508,0.0
Gaia20dup,1.00663,-4.51663,271.47952,-30.33692,,Gaia20dup,SIDEREAL,2021-07-09 11:10:43.488584+00:00,2022-08-18 01:34:07.330626+00:00,271.47952,-30.33692,2000.0,,,,1.0066256630318484,-4.516631298197978,,,,,,,,,,,,,,,,,,6.0,,AT2020rpu,candidate microlensing event,16.55,false,2459689.76402,,1.0,Gaia20dup,,,false,,ivo://Gaia20dup,,126.17707664773259,0.0
Gaia20dwf,12.26909,-3.77001,276.62254,-20.08113,,Gaia20dwf,SIDEREAL,2021-01-21 12:13:26.453195+00:00,2022-08-18 01:25:00.493294+00:00,276.62254,-20.08113,2000.0,,,,12.26909,-3.77001,,,,,,,,,,,,,,,,,,1.0,,AT2020rrw,possible microlensing event,16.68,false,2459689.00539,,10.0,Gaia20dwf,,,false,,ivo://Gaia20dwf,,131.35290601673125,0.0
Gaia20enh,329.85883,-4.18446,245.84457,-55.55372,,Gaia20enh,SIDEREAL,2020-10-12 10:27:50.393749+00:00,2022-08-18 01:13:41.127632+00:00,245.84457,-55.55372,2000.0,,,,329.8588296025948,-4.184464020855814,,,,,,,,,,,,,,,,,,0.0,,AT2020umj,bright microlensing in the Disk,18.63,false,2459773.22852,,100.0,Gaia20enh,,,false,,ivo://Gaia20enh,,105.84378335889997,0.0
Gaia20erh,189.58179,-10.24358,82.45271,15.42842,,Gaia20erh,SIDEREAL,2020-11-23 10:35:11.729652+00:00,2022-08-18 01:14:26.619715+00:00,82.45271,15.42842,2000.0,,,,189.58178922713586,-10.243575675628628,,,,,,,,,,,,,,,,,,1.0,ZTF20abztmco,,long microlensing event,18.61,false,2459685.12503,,1.0,Gaia20erh,,,false,,ivo://Gaia20erh,,62.41839623029913,0.0
Gaia20fnr,224.87751,-19.37236,90.267,-18.9677,,Gaia20fnr,SIDEREAL,2020-12-21 15:05:55.797896+00:00,2022-08-18 01:14:59.375207+00:00,90.267,-18.9677,2000.0,,,,224.87750824442153,-19.372360970063426,,,,,,,,,,,,,,,,,,10.0,,AT2020ably,Bright microlensing event,13.15,false,2459805.9255463,Gaia20fnr,0.1,Gaia20fnr,,,false,2990431491637998848,ivo://Gaia20fnr,,64.5777444512876,0.0
Gaia21asq,55.79548,0.43044,293.34164,20.439,,Gaia21asq,SIDEREAL,2021-02-17 14:34:49.454589+00:00,2022-08-18 01:25:47.654891+00:00,293.34164,20.439,2000.0,,,,55.795480832610245,0.43044030164384195,,,,,,,,,,,,,,,,,,1.0,,AT2021cps,microlensing event candidate,18.24,false,2459723.94302,,2.0,Gaia21asq,,,false,,ivo://Gaia21asq,,132.71561952553347,0.0
Gaia21atr,47.38622,1.89856,287.83576,13.71737,,Gaia21atr,SIDEREAL,2021-02-17 14:30:14.582799+00:00,2022-08-18 01:25:32.833630+00:00,287.83576,13.71737,2000.0,,,,47.386222184945375,1.8985611708325736,,,,,,,,,,,,,,,,,,1.0,,AT2021cwl,microlensing event candidate,18.45,false,2459802.43094903,,2.0,Gaia21atr,,,false,,ivo://Gaia21atr,,132.68015450830777,0.0
Gaia21auw,4.01744,6.88044,262.3259,-21.87529,,Gaia21auw,SIDEREAL,2021-06-08 09:14:38.361288+00:00,2022-08-18 01:33:22.768296+00:00,262.3259,-21.87529,2000.0,,,,4.017443670544922,6.880437691328128,,,,,,,,,,,,,,,,,,4.0,,AT2021dbq,binary microlensing event,16.45,false,2459742.4838568,,1.0,Gaia21auw,,,false,,ivo://Gaia21auw,,118.06815925799121,0.0
Gaia21axk,20.46448,-2.10311,279.00669,-12.04848,,Gaia21axk,SIDEREAL,2021-02-22 11:03:29.333407+00:00,2022-08-18 01:25:56.286703+00:00,279.00669,-12.04848,2000.0,,,,20.46447571682725,-2.10310960335785,,,,,,,,,,,,,,,,,,,,,,18.43,false,2459688.24905,,,Gaia21axk,,,false,,ivo://Gaia21axk,,133.14580950075526,0.0
Gaia21azb,42.29788,-3.89468,290.63896,6.51886,,Gaia21azb,SIDEREAL,2021-04-27 16:40:05.688598+00:00,2022-08-18 01:29:45.052342+00:00,290.63896,6.51886,2000.0,,,,42.297877509078354,-3.8946780641658485,,,,,,,,,,,,,,,,,,1.0,,AT2021doc,highly magnified microlensing event,18.37,false,2459737.13035,Gaia21azb,2.0,Gaia21azb,,,false,,ivo://Gaia21azb,,138.75348092386042,0.0
Gaia21bfr,23.23707,-3.47155,281.53458,-10.20734,,Gaia21bfr,SIDEREAL,2021-03-09 10:46:44.991263+00:00,2022-08-18 01:27:03.184939+00:00,281.53458,-10.20734,2000.0,,,,23.23707296746134,-3.4715469141668587,,,,,,,,,,,,,,,,,,1.0,,AT2021fbo,Bright microlensing event,17.0,false,2459688.49694,,10.0,Gaia21bfr,,,false,,ivo://Gaia21bfr,,135.35453206316885,0.0
Gaia21blg,323.55462,1.94997,230.47715,-54.7816,,Gaia21blg,SIDEREAL,2021-03-24 05:17:53.339084+00:00,2022-08-18 01:27:45.804307+00:00,230.47715,-54.7816,2000.0,,,,323.55461767456416,1.9499654011581888,,,,,,,,,,,,,,,,,,0.0,,AT2021gur,bright microlensing in the Disk,16.31,false,2459780.05494,Gaia21blg,100.0,Gaia21blg,,,false,,ivo://Gaia21blg,,97.04618472973574,0.0
Gaia21blx,316.69911,-2.45443,223.31427,-62.02517,,Gaia21blx,SIDEREAL,2021-03-23 12:58:44.369752+00:00,2022-08-18 01:27:21.300431+00:00,223.31427,-62.02517,2000.0,,,,316.69911394226284,-2.4544307461954245,,,,,,,,,,,,,,,,,,3.0,,AT2021gxs,bright microlensing binary event,17.93,false,2459779.72477,,3.0,Gaia21blx,,,false,,ivo://Gaia21blx,,95.38014382409459,0.0
Gaia21bol,295.51748,-7.72067,171.59038,-69.35853,,Gaia21bol,SIDEREAL,2021-04-12 09:59:44.627816+00:00,2022-08-18 01:28:43.597616+00:00,171.59038,-69.35853,2000.0,,,,295.51747781129063,-7.720666368480954,,,,,,,,,,,,,,,,,,1.0,,AT2021hgh,faint microlensing event candidate,19.01,false,2459780.95898,,10.0,Gaia21bol,,,false,,ivo://Gaia21bol,,84.39331569054698,0.0
Gaia21bon,295.08073,-5.54602,172.35621,-67.15921,,Gaia21bon,SIDEREAL,2021-04-12 09:58:01.083679+00:00,2022-08-18 01:28:28.510376+00:00,172.35621,-67.15921,2000.0,,,,295.0807285318945,-5.546016762253065,,,,,,,,,,,,,,,,,,1.0,,AT2021hgj,faint microlensing event,17.59,false,2459781.53345,,10.0,Gaia21bon,,,false,,ivo://Gaia21bon,,82.50658747286649,0.0
Gaia21bop,303.82069,5.36536,194.5063,-57.49502,,Gaia21bop,SIDEREAL,2021-03-30 12:35:31.806508+00:00,2022-08-18 01:28:05.141082+00:00,194.5063,-57.49502,2000.0,,,,303.82069045280264,5.365359643882098,,,,,,,,,,,,,,,,,,3.0,,AT2021hip,faint microlensing,18.77,false,2459754.29991,,3.0,Gaia21bop,,,false,,ivo://Gaia21bop,,80.75825142951645,0.0
Gaia21brx,179.50966,-8.92182,77.76495,24.42879,,Gaia21brx,SIDEREAL,2021-04-12 09:52:08.394892+00:00,2022-08-18 01:28:13.643590+00:00,77.76495,24.42879,2000.0,,,,179.50965580794315,-8.921815832168207,,,,,,,,,,,,,,,,,,9.0,,AT2021ilf,faint anticentre microlensing event candidate,17.89,false,2459689.36287039,,1.0,Gaia21brx,,,false,,ivo://Gaia21brx,,65.94089113999176,0.0
Gaia21bsg,4.63698,6.80103,262.75616,-21.40123,,Gaia21bsg,SIDEREAL,2021-06-01 10:12:49.077712+00:00,2022-08-18 01:31:44.780270+00:00,262.75616,-21.40123,2000.0,,,,4.636978791472385,6.80103375892052,,,,,,,,,,,,,,,,,,3.0,,AT2021iot,microlensing binary event,19.52,false,2459686.18647,,1.0,Gaia21bsg,,,false,,ivo://Gaia21bsg,,118.43664739746332,0.0
Gaia21btu,9.6116,-1.39388,273.04517,-21.30352,,Gaia21btu,SIDEREAL,2021-06-01 10:36:46.074864+00:00,2022-08-18 01:32:05.274015+00:00,273.04517,-21.30352,2000.0,,,,9.611599898439062,-1.3938812889776233,,,,,,,,,,,,,,,,,,1.0,,AT2021ize,candidate microlensing event,18.93,false,2459688.5074,,10.0,Gaia21btu,,,false,,ivo://Gaia21btu,,128.0078605062432,0.0
Gaia21bvg,0.02294,-11.07203,277.85057,-34.20144,,Gaia21bvg,SIDEREAL,2021-06-08 11:30:46.998080+00:00,2022-08-18 01:33:44.706711+00:00,277.85057,-34.20144,2000.0,,,,0.022936369429161732,-11.072027329049197,,,,,,,,,,,,,,,,,,1.0,,AT2021jrq,microlensing event candidate,15.8,false,2459691.6906,,10.0,Gaia21bvg,,,false,,ivo://Gaia21bvg,,130.88022266875635,0.0
Gaia21bwr,320.62939,-4.90247,233.19,-62.09635,,Gaia21bwr,SIDEREAL,2021-06-01 10:41:03.056219+00:00,2022-08-18 01:32:14.138110+00:00,233.19,-62.09635,2000.0,,,,320.6293861003274,-4.9024687163654,,,,,,,,,,,,,,,,,,1.0,,AT2021jvh,microlensing event,17.83,false,2459777.9756,,10.0,Gaia21bwr,,,false,,ivo://Gaia21bwr,,99.88101405764806,0.0
Gaia21bzr,117.31346,4.99939,358.26249,67.23203,,Gaia21bzr,SIDEREAL,2021-04-26 09:42:20.246922+00:00,2022-08-18 01:28:51.695299+00:00,358.26249,67.23203,2000.0,,,,117.31345863349313,4.999386325049242,,,,,,,,,,,,,,,,,,0.0,,AT2021kkq,microlensing event candidate,20.64,false,2459781.40852,,100.0,Gaia21bzr,,,false,,ivo://Gaia21bzr,,96.36739040015993,0.0
Gaia21ccu,277.08558,-2.78053,142.96208,-55.29923,,Gaia21ccu,SIDEREAL,2021-04-29 15:12:32.986865+00:00,2022-08-18 01:30:40.953537+00:00,142.96208,-55.29923,2000.0,,,,277.0855832430155,-2.780534620041946,,,,,,,,,,,,,,,,,,7.0,,AT2021kpk,bright binary microlensing event,14.2,false,2459805.69554,Gaia21ccu,1.0,Gaia21ccu,,,false,,ivo://Gaia21ccu,,68.64003066282325,0.0
Gaia21cjc,40.55052,-3.15179,289.16141,5.32148,,Gaia21cjc,SIDEREAL,2021-06-01 10:47:40.203069+00:00,2022-08-18 01:32:29.277403+00:00,289.16141,5.32148,2000.0,,,,40.55052216429616,-3.1517857161018856,,,,,,,,,,,,,,,,,,2.0,,AT2021mnb,possible microlensing event,20.57,false,2459735.20324,,2.0,Gaia21cjc,,,false,,ivo://Gaia21cjc,,138.00574245075845,0.0
Gaia21cki,29.24261,-8.69388,288.96524,-7.21158,,Gaia21cki,SIDEREAL,2021-06-01 10:49:36.132198+00:00,2022-08-18 01:32:52.501449+00:00,288.96524,-7.21158,2000.0,,,,29.242607940905696,-8.69388177832722,,,,,,,,,,,,,,,,,,1.0,ZTF21aanfcmk,AT2021klf,microlensing event,17.82,false,2459689.66853,ASASSN-21gq,10.0,Gaia21cki,,,false,,ivo://Gaia21cki,,142.0413260022479,0.0
Gaia21ckj,32.05434,-0.99601,283.3459,-1.23513,,Gaia21ckj,SIDEREAL,2021-06-01 10:51:21.543096+00:00,2022-08-18 01:33:08.103832+00:00,283.3459,-1.23513,2000.0,,,,32.05433893302326,-0.9960099180931197,,,,,,,,,,,,,,,,,,1.0,,AT2021msh,microlensing event,18.66,false,2459687.74016,,10.0,Gaia21ckj,,,false,,ivo://Gaia21ckj,,135.07104531713185,0.0
Gaia21ctk,292.26563,2.73547,172.19059,-58.41372,,Gaia21ctk,SIDEREAL,2021-07-09 11:52:28.368307+00:00,2022-08-18 01:34:33.481861+00:00,172.19059,-58.41372,2000.0,,,,292.26562968621334,2.7354685217033676,,,,,,,,,,,,,,,,,,3.0,,AT2021pfh,candidate microlensing event,18.38,false,2459783.71036,,1.0,Gaia21ctk,,,false,,ivo://Gaia21ctk,,74.54738185927327,0.0
Gaia21ctx,298.36551,0.12947,182.96748,-62.39095,,Gaia21ctx,SIDEREAL,2021-07-09 11:56:24.373692+00:00,2022-08-18 01:34:41.979874+00:00,182.96748,-62.39095,2000.0,,,,298.3655132872673,0.12946602103570232,,,,,,,,,,,,,,,,,,3.0,,AT2021piw,candidate microlensing event,17.75,false,2459782.71382,,1.0,Gaia21ctx,,,false,,ivo://Gaia21ctx,,80.65345953563694,0.0
Gaia21dcp,313.63676,-1.81198,216.7228,-62.68293,,Gaia21dcp,SIDEREAL,2021-07-09 11:20:39.256345+00:00,2022-08-18 01:34:15.963449+00:00,216.7228,-62.68293,2000.0,,,,313.6367592522319,-1.8119815635448926,,,,,,,,,,,,,,,,,,1.0,,AT2021rsx,microlensing event candidate,20.73,false,2459756.29427,,1.0,Gaia21dcp,,,false,,ivo://Gaia21dcp,,92.76178889054958,0.0
Gaia21dnc,77.91376,-19.06416,324.54506,26.46657,,Gaia21dnc,SIDEREAL,2021-08-09 08:29:09.515640+00:00,2022-08-18 01:35:20.130366+00:00,324.54506,26.46657,2000.0,,,,77.91375757412769,-19.064161079445338,,,,,,,,,,,,,,,,,,0.0,ZTF18abktckv,AT2021uey,microlensing event with a planetary anomaly,15.46,false,2459807.39436227,,100.0,Gaia21dnc,,,false,,ivo://Gaia21dnc,,140.2030560346182,0.0
Gaia21dpb,90.23988,-2.96621,321.37454,46.41912,,Gaia21dpb,SIDEREAL,2021-08-10 10:14:46.556072+00:00,2022-08-18 01:35:56.055458+00:00,321.37454,46.41912,2000.0,,,,90.23987647493476,-2.966213406542481,,,,,,,,,,,,,,,,,,7.0,ZTF21abtulxp,AT2021uok,microlensing event,19.66,false,2459803.65126,,1.0,Gaia21dpb,,,false,,ivo://Gaia21dpb,,120.1067942637075,0.0
Gaia21dvx,338.31691,2.57764,247.43986,-44.77689,,Gaia21dvx,SIDEREAL,2021-09-20 10:37:27.469321+00:00,2022-08-18 01:38:54.995536+00:00,247.43986,-44.77689,2000.0,,,,338.31691,2.57764,,,,,,,,,,,,,,,,,,10.0,,,Candidate  long microlensing event.,17.04,false,2459727.8804495,,2.0,Gaia21dvx,,,false,,ivo://Gaia21dvx,,106.5906459327957,0.0
Gaia21dyf,355.97611,1.98078,261.97383,-31.26382,,Gaia21dyf,SIDEREAL,2021-09-07 12:23:02.187190+00:00,2022-08-18 01:38:29.896414+00:00,261.97383,-31.26382,2000.0,,,,355.976113440144,1.9807752277933801,,,,,,,,,,,,,,,,,,1.0,,AT2021wvr,microlensing event candidate,19.71,false,2459687.94353,,10.0,Gaia21dyf,,,false,,ivo://Gaia21dyf,,117.97057227138208,0.0
Gaia21dyh,355.09378,-3.0296,266.44766,-34.70035,,Gaia21dyh,NON_SIDEREAL,2021-09-07 12:21:20.415690+00:00,2022-08-18 01:38:21.697375+00:00,266.44766,-34.70035,2000.0,,,,355.0937824962849,-3.029599381255591,,,,,,,,,,,,,,,,,,0.0,,AT2021wvt,possible microlensing event or CV,18.72,false,2459689.69456,,100.0,Gaia21dyh,,,false,,ivo://Gaia21dyh,,121.5195434847274,0.0
Gaia21dyl,357.24996,-4.65394,269.45885,-33.6696,,Gaia21dyl,SIDEREAL,2021-09-07 10:56:10.634841+00:00,2022-08-18 01:37:57.147945+00:00,269.45885,-33.6696,2000.0,,,,357.2499579012462,-4.653937751977764,,,,,,,,,,,,,,,,,,4.0,,AT2021www,microlensing event candidate,16.86,false,2459690.01686,,1.0,Gaia21dyl,,,false,,ivo://Gaia21dyl,,124.1077065935991,0.0
Gaia21dyr,358.50371,1.22368,264.30791,-29.55922,,Gaia21dyr,SIDEREAL,2021-09-07 12:25:10.885375+00:00,2022-08-18 01:38:38.150854+00:00,264.30791,-29.55922,2000.0,,,,358.50370762767903,1.2236841653881274,,,,,,,,,,,,,,,,,,1.0,,AT2021wxa,microlensing event candidate,18.64,false,2459688.19176,,10.0,Gaia21dyr,,,false,,ivo://Gaia21dyr,,120.01927711082325,0.0
Gaia21dys,359.29672,1.45998,264.56543,-28.76311,,Gaia21dys,SIDEREAL,2021-09-07 12:26:51.556059+00:00,2022-08-18 01:38:46.271679+00:00,264.56543,-28.76311,2000.0,,,,359.2967226864959,1.4599751244519206,,,,,,,,,,,,,,,,,,0.0,,AT2021wxb,microlensing event candidate,17.98,false,2459688.01505,,100.0,Gaia21dys,,,false,,ivo://Gaia21dys,,120.26029987637928,0.0
Gaia21dyt,359.72793,1.75208,264.54653,-28.24268,,Gaia21dyt,SIDEREAL,2021-09-07 12:16:55.671357+00:00,2022-08-18 01:38:05.444734+00:00,264.54653,-28.24268,2000.0,,,,359.72793420891884,1.7520818385150367,,,,,,,,,,,,,,,,,,0.0,,AT2021wxc,microlensing event candidate,18.96,false,2459687.94076,,100.0,Gaia21dyt,,,false,,ivo://Gaia21dyt,,120.25183092864035,0.0
Gaia21dyw,358.5184,-4.09375,269.62593,-32.29347,,Gaia21dyw,SIDEREAL,2021-09-07 12:19:12.375131+00:00,2022-08-18 01:38:13.766761+00:00,269.62593,-32.29347,2000.0,,,,358.51839777401426,-4.093753488567287,,,,,,,,,,,,,,,,,,0.0,,AT2021wxf,microlensing event candidate,19.53,false,2459689.69188,,100.0,Gaia21dyw,,,false,,ivo://Gaia21dyw,,124.40000004778499,0.0
Gaia21eak,13.02159,-1.5225,274.88997,-18.36643,,Gaia21eak,SIDEREAL,2021-09-07 10:42:50.514867+00:00,2022-08-18 01:37:05.343442+00:00,274.88997,-18.36643,2000.0,,,,13.021585524854942,-1.5225011357494835,,,,,,,,,,,,,,,,,,0.0,,AT2021xjz,microlensing event candidate,19.1,false,2459688.43084,,100.0,Gaia21eak,,,false,,ivo://Gaia21eak,,129.6729001214089,0.0
Gaia21ear,11.66722,-6.09123,278.53934,-21.675,,Gaia21ear,SIDEREAL,2021-09-07 10:44:55.120919+00:00,2022-08-18 01:37:13.199580+00:00,278.53934,-21.675,2000.0,,,,11.667222994259413,-6.091229139180996,,,,,,,,,,,,,,,,,,0.0,,AT2021xkd,microlensing event candidate,19.66,false,2459689.68194,,100.0,Gaia21ear,,,false,,ivo://Gaia21ear,,133.11148005096396,0.0
Gaia21eay,18.19995,1.50373,274.66216,-12.37317,,Gaia21eay,SIDEREAL,2021-09-07 10:41:01.532422+00:00,2022-08-18 01:36:56.970405+00:00,274.66216,-12.37317,2000.0,,,,18.199954963960533,1.5037322982990464,,,,,,,,,,,,,,,,,,0.0,,AT2021xkg,microlensing event candidate,18.65,false,2459687.42671,,100.0,Gaia21eay,,,false,,ivo://Gaia21eay,,128.96407480504158,0.0
Gaia21eaz,14.56701,-3.05627,277.07477,-17.71722,,Gaia21eaz,SIDEREAL,2021-09-07 10:38:05.393161+00:00,2022-08-18 01:36:48.893079+00:00,277.07477,-17.71722,2000.0,,,,14.567014402839927,-3.0562720016327103,,,,,,,,,,,,,,,,,,0.0,,AT2021xkh,microlensing event candidate,16.79,false,2459688.75365,,100.0,Gaia21eaz,,,false,,ivo://Gaia21eaz,,131.72449216049557,0.0
Gaia21ebw,20.60047,-5.92664,282.56662,-13.65874,,Gaia21ebw,SIDEREAL,2021-09-07 10:36:32.452074+00:00,2022-08-18 01:36:34.365522+00:00,282.56662,-13.65874,2000.0,,,,20.600473148703667,-5.926636210120877,,,,,,,,,,,,,,,,,,0.0,,AT2021xmy,microlensing event candidate,18.62,false,2459689.24905,,100.0,Gaia21ebw,,,false,,ivo://Gaia21ebw,,136.75848882264057,0.0
Gaia21ecf,25.81262,-1.27643,280.74237,-6.91701,,Gaia21ecf,SIDEREAL,2021-09-07 10:46:27.902928+00:00,2022-08-18 01:37:27.303376+00:00,280.74237,-6.91701,2000.0,,,,25.812621387600267,-1.2764331155268152,,,,,,,,,,,,,,,,,,0.0,,AT2021xss,microlensing event candidate,19.73,false,2459687.92098,,100.0,Gaia21ecf,,,false,,ivo://Gaia21ecf,,133.994828119657,0.0
Gaia21ecy,44.62604,3.21145,285.34375,11.86756,,Gaia21ecy,SIDEREAL,2021-09-07 10:51:16.119454+00:00,2022-08-18 01:37:41.644931+00:00,285.34375,11.86756,2000.0,,,,44.62603894120458,3.211449650582363,,,,,,,,,,,,,,,,,,1.0,,AT2021xyw,possibly a Be-type star outburst,14.43,false,2459793.58835649,,5.0,Gaia21ecy,,,false,,ivo://Gaia21ecy,,131.57042787847178,0.0
Gaia21ecz,39.85109,-2.69144,288.42704,4.91547,,Gaia21ecz,SIDEREAL,2021-09-07 10:33:37.572566+00:00,2022-08-18 01:36:19.331474+00:00,288.42704,4.91547,2000.0,,,,39.851092413639776,-2.6914378552122336,,,,,,,,,,,,,,,,,,7.0,ZTF21abhqzzh,AT2021xyx,microlensing event candidate,18.55,false,2459735.12922,,2.0,Gaia21ecz,,,false,,ivo://Gaia21ecz,,137.52653238285458,0.0
Gaia21edg,46.35658,1.33646,287.85964,12.54488,,Gaia21edg,SIDEREAL,2021-09-23 14:02:34.720620+00:00,2022-08-18 01:39:27.599258+00:00,287.85964,12.54488,2000.0,,,,46.356578892152655,1.3364566096496957,,,,,,,,,,,,,,,,,,1.0,,AT2021yav,microlensing event candidate,19.39,false,2459737.37578,,100.0,Gaia21edg,,,false,,ivo://Gaia21edg,,133.32659236894204,0.0
Gaia21eeb,49.80929,-3.92348,294.28665,13.09576,,Gaia21eeb,SIDEREAL,2021-09-23 14:00:49.740043+00:00,2022-08-18 01:39:12.910315+00:00,294.28665,13.09576,2000.0,,,,49.809294511640154,-3.923481734486342,,,,,,,,,,,,,,,,,,0.0,,AT2021ygw,microlensing event candidate,19.1,false,2459739.70242,,100.0,Gaia21eeb,,,false,,ivo://Gaia21eeb,,138.1511433417046,0.0
Gaia21efs,71.70651,-4.54824,307.42454,31.29525,,Gaia21efs,SIDEREAL,2021-09-25 09:45:12.844987+00:00,2022-08-18 01:39:51.225476+00:00,307.42454,31.29525,2000.0,,,,71.70651242329309,-4.548237354549248,,,,,,,,,,,,,,,,,,0.0,ZTF21abqhbuh,AT2021ziw,bright microlensing,15.77,false,2459797.57182,,100.0,Gaia21efs,,,false,,ivo://Gaia21efs,2021-09-24 00:00:00+00:00,131.61637158941394,0.0
Gaia21ehk,316.28566,-1.79098,221.90856,-61.61261,,Gaia21ehk,SIDEREAL,2021-12-03 14:35:50.823876+00:00,2022-08-18 01:44:07.418681+00:00,221.90856,-61.61261,2000.0,,,,316.2856571129948,-1.790979235775853,,,,,,,,,,,,,,,,,,0.0,,AT2021zqm,microlensing event candidate,17.68,false,2459779.97481,,100.0,Gaia21ehk,,,false,,ivo://Gaia21ehk,,94.61021597048973,0.0
Gaia21eir,347.89012,-1.79574,260.21551,-40.07241,,Gaia21eir,NON_SIDEREAL,2021-12-03 14:32:27.308903+00:00,2022-08-18 01:43:59.041253+00:00,260.21551,-40.07241,2000.0,,,,347.89011968587835,-1.795738029769154,,,,,,,,,,,,,,,,,,0.0,,AT2021zyy,microlensing event candidate,18.77,false,2459689.77396,,100.0,Gaia21eir,,,false,,ivo://Gaia21eir,,116.10443044921072,0.0
Gaia21eix,354.32004,-0.82517,263.68399,-34.18722,,Gaia21eix,SIDEREAL,2021-12-03 14:29:46.115861+00:00,2022-08-18 01:43:50.949901+00:00,263.68399,-34.18722,2000.0,,,,354.32004364621105,-0.8251744054331026,,,,,,,,,,,,,,,,,,3.0,,AT2021zzg,microlensing event candidate,19.24,false,2459689.01902,,1.0,Gaia21eix,,,false,,ivo://Gaia21eix,,119.2853027358842,0.0
Gaia21exr,49.54683,-0.94918,291.47156,14.2937,,Gaia21exr,NON_SIDEREAL,2021-11-06 12:45:54.824572+00:00,2022-08-18 01:42:21.478527+00:00,291.47156,14.2937,2000.0,,,,49.546825297549056,-0.9491826004131722,,,,,,,,,,,,,,,,,,1.0,,AT2021adge,microlensing event candidate,20.76,false,2459633.41058,,100.0,Gaia21exr,,,false,,ivo://Gaia21exr,,135.24548840000773,0.0
Gaia21feu,306.51275,-2.69275,201.45411,-65.3252,,Gaia21feu,NON_SIDEREAL,2021-11-22 15:13:01.246286+00:00,2022-08-18 01:42:45.039943+00:00,201.45412499999998,-65.3252,2000.0,,,,306.51275,-2.69275,,,,,,,,,,,,,,,,,,0.0,,AT2021aevq,Candidate microlensing event.,18.03,false,2459753.54404,,100.0,Gaia21feu,,,false,,ivo://Gaia21feu,,88.36495161283662,0.02254324234671355
Gaia21fet,305.00476,1.04141,197.24282,-61.75975,,Gaia21fet,SIDEREAL,2021-11-22 15:08:47.175708+00:00,2022-08-18 01:42:36.809838+00:00,197.24282,-61.75975,2000.0,,,,305.00476,1.04141,,,,,,,,,,,,,,,,,,0.0,,AT2021aevp,Candidate microlensing event.,18.82,false,2459782.21863,,100.0,Gaia21fet,,,false,,ivo://Gaia21fet,,84.64953611554915,0.0
Gaia21fil,98.52398,-4.40602,332.35801,50.62596,,Gaia21fil,SIDEREAL,2021-12-06 16:14:40.594114+00:00,2022-08-18 01:44:16.028312+00:00,332.35801,50.62596,2000.0,,,,98.52398358103017,-4.406021506606221,,,,,,,,,,,,,,,,,,1.0,,AT2021afro,possible faint Be star,19.49,false,2459805.90417,,10.0,Gaia21fil,,,false,,ivo://Gaia21fil,,115.95741322782493,0.0
Gaia21fio,295.01774,-3.78449,173.5408,-65.46195,,Gaia21fio,SIDEREAL,2021-12-03 14:22:08.503730+00:00,2022-08-18 01:43:36.508802+00:00,173.5408,-65.46195,2000.0,,,,295.0177381836517,-3.7844860215702596,,,,,,,,,,,,,,,,,,9.0,,AT2021afrs,candidate microlensing event,18.12,false,2459782.03409,,1.0,Gaia21fio,,,false,,ivo://Gaia21fio,,81.17238772095128,0.0
Gaia21fjx,62.54575,-6.89399,303.81401,22.44996,,Gaia21fjx,NON_SIDEREAL,2021-12-03 14:15:41.471382+00:00,2022-08-18 01:43:27.642382+00:00,303.81401,22.44996,2000.0,,,,62.545748030808085,-6.893986551685097,,,,,,,,,,,,,,,,,,0.0,,AT2021agbl,candidate microlensing event,18.79,false,2459743.1989,,100.0,Gaia21fjx,,,false,,ivo://Gaia21fjx,,137.63079341344005,0.0
Gaia21fkl,238.55154,1.52039,116.61824,-21.87556,,Gaia21fkl,SIDEREAL,2021-12-06 16:18:47.006189+00:00,2022-08-18 01:44:30.958366+00:00,116.61824,-21.87556,2000.0,,,,238.55154086700816,1.52038861665955,,,,,,,,,,,,,,,,,,10.0,,AT2021agcl,microlensing event or Be star candidate,15.34,false,2459804.92777777,,1.0,Gaia21fkl,,,false,,ivo://Gaia21fkl,,46.12934010543364,0.0
Gaia21fut,246.05687,-4.2615,115.17662,-31.25767,,Gaia21fut,SIDEREAL,2022-01-19 11:13:12.895405+00:00,2022-08-18 01:46:00.416359+00:00,115.17662,-31.25767,2000.0,,,,246.05687172486208,-4.261496030161305,,,,,,,,,,,,,,,,,,0.0,,AT2021agya,microlensing event candidate,19.67,false,2459797.00569,,100.0,Gaia21fut,,,false,,ivo://Gaia21fut,,54.03473699755603,0.0
Gaia22aas,266.5146,-2.70786,131.54633,-47.47044,,Gaia22aas,SIDEREAL,2022-01-19 11:11:07.357683+00:00,2022-08-18 01:45:51.841865+00:00,131.54633,-47.47044,2000.0,,,,266.5145974252159,-2.7078595728045087,,,,,,,,,,,,,,,,,,2.0,,AT2022ac,microlensing event candidate,13.61,false,2459803.01609,,3.0,Gaia22aas,,,false,,ivo://Gaia22aas,,62.29069305968453,0.0
Gaia22aat,266.24262,-1.3931,132.7912,-46.431,,Gaia22aat,SIDEREAL,2022-01-07 13:25:35.847181+00:00,2022-08-18 01:45:18.832306+00:00,132.7912,-46.431,2000.0,,,,266.2426200424975,-1.3931017102636156,,,,,,,,,,,,,,,,,,0.0,,AT2021ahoo,microlensing event candidate,18.78,false,2459785.01501,,100.0,Gaia22aat,,,false,,ivo://Gaia22aat,,61.05227668433448,0.0
Gaia22acc,302.51497,-1.94516,191.88024,-64.81374,,Gaia22acc,SIDEREAL,2022-01-14 14:12:21.602701+00:00,2022-08-18 01:45:27.231485+00:00,191.88024,-64.81374,2000.0,,,,302.5149748806175,-1.9451635188319607,,,,,,,,,,,,,,,,,,4.0,,AT2022dn,,19.38,false,2459752.54516,,,Gaia22acc,,,false,,,,85.02998305880189,0.0
Gaia22adf,330.64839,3.09853,238.68767,-49.64717,,Gaia22adf,SIDEREAL,2022-01-14 14:13:36.589272+00:00,2022-08-18 01:45:35.166114+00:00,238.68767,-49.64717,2000.0,,,,330.6483869101702,3.0985342607750725,,,,,,,,,,,,,,,,,,2.0,,AT2022os,microlensing event,14.56,false,2459778.73539,,2.0,Gaia22adf,,,false,,ivo://Gaia22adf,,101.0771248957893,0.0
Gaia22aea,331.25767,-5.69256,249.47582,-55.56725,,Gaia22aea,SIDEREAL,2022-01-14 14:21:30.111065+00:00,2022-08-18 01:45:43.639303+00:00,249.47582,-55.56725,2000.0,,,,331.2576745363081,-5.692560453912593,,,,,,,,,,,,,,,,,,5.0,,AT2022qe,,18.13,false,2459693.46279,,,Gaia22aea,,,false,,,,107.87918235545011,0.0
Gaia22ahy,321.14522,3.82466,225.25274,-54.4,,Gaia22ahy,SIDEREAL,2022-01-25 10:10:56.293217+00:00,2022-08-18 01:46:55.051534+00:00,225.25274,-54.4,2000.0,,,,321.14522315443116,3.8246617795207385,,,,,,,,,,,,,,,,,,10.0,,AT2022aib,bright microlensing event!,13.84,false,2459806.61248264,ASASSN-22AV,1.0,Gaia22ahy,,,false,,ivo://Gaia22ahy,,94.0146151305816,0.0
Gaia22aix,313.16212,-12.5293,228.14726,-72.53526,,Gaia22aix,SIDEREAL,2022-02-04 14:43:50.281895+00:00,2022-08-18 01:49:07.252181+00:00,228.14726,-72.53526,2000.0,,,,313.16211501274734,-12.529295100353954,,,,,,,,,,,,,,,,,,0.0,,AT2022aqn,microlensing event candidates,18.56,false,2459776.96733,,100.0,Gaia22aix,,,false,,ivo://Gaia22aix,,99.97087861017167,0.0
Gaia22aiy,311.79529,5.85919,208.73239,-55.91609,,Gaia22aiy,SIDEREAL,2022-02-04 14:41:34.125656+00:00,2022-08-18 01:48:58.640094+00:00,208.73239,-55.91609,2000.0,,,,311.7952885875993,5.859188292172727,,,,,,,,,,,,,,,,,,0.0,,AT2022aqo,microlensing event candidate,18.49,false,2459782.7989,,100.0,Gaia22aiy,,,false,,ivo://Gaia22aiy,,86.0206419600525,0.0
Gaia22akp,292.97008,3.7044,174.01013,-57.70171,,Gaia22akp,SIDEREAL,2022-02-04 14:37:20.415649+00:00,2022-08-18 01:48:43.323473+00:00,174.01013,-57.70171,2000.0,,,,292.9700798848908,3.704400555627708,,,,,,,,,,,,,,,,,,1.0,,AT2022bcs,microlensing event candidate,16.59,false,2459751.30078,,100.0,Gaia22akp,,,false,,ivo://Gaia22akp,,74.33028258019954,0.0
Gaia22aqu,66.79167,0.43934,299.43908,29.95695,,Gaia22aqu,SIDEREAL,2022-02-28 12:16:56.270293+00:00,2022-08-18 01:52:01.299974+00:00,299.43908,29.95695,2000.0,,,,66.79166795445504,0.43933707546414824,,,,,,,,,,,,,,,,,,7.0,ZTF19aavanay,AT2022csb,microlensing event candidate,18.03,false,2459799.48110992,,1.0,Gaia22aqu,,,false,,ivo://Gaia22aqu,,129.23459099421626,0.0
Gaia22atp,34.35153,3.28083,280.58413,2.75749,,Gaia22atp,SIDEREAL,2022-02-28 12:05:00.569417+00:00,2022-08-18 01:51:20.251583+00:00,280.58413,2.75749,2000.0,,,,34.351534793851805,3.280834169253928,,,,,,,,,,,,,,,,,,1.0,,AT2022ddy,Likely Be-type star outburst,17.63,false,2459794.52035301,,100.0,Gaia22atp,,,false,,ivo://Gaia22atp,,131.1491297149388,0.0
Gaia22atd,44.59849,0.5207,287.76875,10.60902,,Gaia22atd,SIDEREAL,2022-02-28 12:02:55.837447+00:00,2022-08-18 01:51:03.213243+00:00,287.76875,10.60902,2000.0,,,,44.59848812127144,0.5206978829040153,,,,,,,,,,,,,,,,,,6.0,,AT2022dcn,candidate microlensing event or Be-type outburst,15.11,false,2459798.40173382,,1.0,Gaia22atd,,,false,,ivo://Gaia22atd,,134.25329852843896,0.0
Gaia22atx,24.81818,-0.39694,279.49553,-7.39839,,Gaia22atx,SIDEREAL,2022-02-28 11:59:11.546144+00:00,2022-08-18 01:50:46.994835+00:00,279.49553,-7.39839,2000.0,,,,24.818181592124773,-0.39693879738717563,,,,,,,,,,,,,,,,,,7.0,,AT2022dmz,microlensing event candidate,17.53,false,2459794.43240857,,1.0,Gaia22atx,,,false,,ivo://Gaia22atx,,132.87013682123262,0.0
Gaia22asa,60.56578,0.0276,296.25993,24.39428,,Gaia22asa,SIDEREAL,2022-02-25 14:05:43.257550+00:00,2022-08-18 01:50:31.639539+00:00,296.25993,24.39428,2000.0,,,,60.565782994485446,0.027595458472553812,,,,,,,,,,,,,,,,,,6.0,,AT2022cwu,faint long microlensing event,18.58,false,2459798.42152429,,5.0,Gaia22asa,,,false,,ivo://Gaia22asa,,131.79515510962787,0.0
Gaia22axt,287.52684,-0.73021,161.0488,-59.74072,,Gaia22axt,SIDEREAL,2022-03-18 14:12:30.811044+00:00,2022-08-18 01:53:16.572460+00:00,161.0488,-59.74072,2000.0,,,,287.52683762029864,-0.7302103502296711,,,,,,,,,,,,,,,,,,1.0,,AT2022etv,Be star outburst,13.9,false,2459805.91910303,,100.0,Gaia22axt,,,false,,ivo://Gaia22axt,,73.85183665181204,0.0
Gaia22ayk,78.88813,-2.83347,310.99842,38.05432,,Gaia22ayk,SIDEREAL,2022-03-25 13:12:31.875413+00:00,2022-08-18 01:53:47.911658+00:00,310.99842,38.05432,2000.0,,,,78.88813420732467,-2.833468347728962,,,,,,,,,,,,,,,,,,3.0,,AT2022ewn,microlensing event candidate or variable star,13.43,false,2459807.40084487,,1.0,Gaia22ayk,,,false,,ivo://Gaia22ayk,,126.52117997320518,0.0
Gaia22bgo,7.13437,1.57075,268.95739,-22.00402,,Gaia22bgo,SIDEREAL,2022-04-07 11:23:53.106711+00:00,2022-08-18 01:55:16.201553+00:00,268.95739,-22.00402,2000.0,,,,7.134368327699978,1.5707517458988736,,,,,,,,,,,,,,,,,,3.0,,AT2022fzo,candidate microlensing event,17.22,false,2459663.76008,,1.0,Gaia22bgo,,,false,,ivo://Gaia22bgo,,124.2043650976489,0.0
Gaia22bht,2.23829,-1.38387,269.05686,-27.72135,,Gaia22bht,SIDEREAL,2022-04-07 11:27:43.342595+00:00,2022-08-18 01:55:24.285487+00:00,269.05686,-27.72135,2000.0,,,,2.238291250137778,-1.3838721887231111,,,,,,,,,,,,,,,,,,0.0,,AT2022gka,candidate microlensing event,19.14,false,2459688.76299,,100.0,Gaia22bht,,,false,,ivo://Gaia22bht,,124.23664885629042,0.0
Gaia22bjw,345.22424,3.44111,252.71217,-39.0344,,Gaia22bjw,SIDEREAL,2022-04-22 12:27:34.763733+00:00,2022-04-22 12:29:37.348238+00:00,252.71217,-39.0344,2000.0,,,,345.2242397331499,3.4411103213415806,,,,,,,,,,,,,,,,,,8.0,,AT2022gwu,microlensing event candidate or YSO,16.61,false,2459669.51928,,1.0,Gaia22bjw,,,false,,ivo://Gaia22bjw,,133.60540008532556,0.0
Gaia22bkr,335.78671,-2.29524,250.22754,-49.93322,,Gaia22bkr,SIDEREAL,2022-04-22 12:34:24.281088+00:00,2022-04-22 12:35:10.341493+00:00,250.22754,-49.93322,2000.0,,,,335.78670542238285,-2.2952379959790767,,,,,,,,,,,,,,,,,,2.0,,AT2022hak,microlensing event candidate,17.68,false,2459671.52718,,1.0,Gaia22bkr,,,false,,ivo://Gaia22bkr,,129.8700586774637,0.0
Gaia22bkt,337.63403,-2.1936,251.95506,-48.46898,,Gaia22bkt,SIDEREAL,2022-04-11 11:21:17.795601+00:00,2022-08-16 07:27:38.038079+00:00,251.95506,-48.46898,2000.0,,,,337.6340348289188,-2.19359851709602,,,,,,,,,,,,,,,,,,10.0,,AT2022ham,microlensing event candidate,16.06,false,2459769.06262237,,1.0,Gaia22bkt,,,false,,ivo://Gaia22bkt,,111.19654470885997,0.0
Gaia22bmu,311.92619,-5.70017,216.2438,-66.92428,,Gaia22bmu,SIDEREAL,2022-04-22 12:30:47.918206+00:00,2022-04-22 12:32:30.971823+00:00,216.2438,-66.92428,2000.0,,,,311.9261926443007,-5.700169994944941,,,,,,,,,,,,,,,,,,3.0,,AT2022hka,microlensing event candidate,19.01,false,2459677.54421,,1.0,Gaia22bmu,,,false,,ivo://Gaia22bmu,,125.09538784322999,0.0
Gaia22bpi,306.92633,2.59463,200.86655,-60.02849,,Gaia22bpi,SIDEREAL,2022-06-09 20:03:51.702969+00:00,2022-07-08 12:36:52.065305+00:00,200.86655,-60.02849,2000.0,,,,306.92633,2.59463,,,,,,,,,,,,,,,,,,8.0,,,microlensing event candidate,16.19,false,2459768.2613766,,1.0,Gaia22bpi,,,false,,ivo://Gaia22bpi,,111.04438308087936,0.0
Gaia22bpl,287.66216,-2.39081,159.67677,-61.2638,,Gaia22bpl,SIDEREAL,2022-04-22 12:38:25.769563+00:00,2022-08-14 08:36:58.486426+00:00,159.67677,-61.2638,2000.0,,,,287.6621642468829,-2.3908058818651865,,,,,,,,,,,,,,,,,,10.0,,AT2022hsp,bright microlensing event,10.5,false,2459805.47695023,,0.1,Gaia22bpl,,,false,,ivo://Gaia22bpl,,76.75086689752395,0.0
Gaia22brh,0.18708,5.58931,261.21666,-25.76577,,Gaia22brh,SIDEREAL,2022-04-25 11:26:20.457588+00:00,2022-04-25 11:28:12.895992+00:00,261.21666,-25.76577,2000.0,,,,0.18708427298763713,5.589308036097319,,,,,,,,,,,,,,,,,,1.0,,AT2022idu,faint microlensing event,18.59,false,2459686.68999,,2.0,Gaia22brh,,,false,,ivo://Gaia22brh,,132.79180757015726,0.0
Gaia22btc,26.03936,-5.39529,284.55188,-8.58098,,Gaia22btc,SIDEREAL,2022-05-17 18:33:18.983174+00:00,2022-07-28 14:06:18.195731+00:00,284.55188,-8.58098,2000.0,,,,26.039356467434203,-5.395287498006112,,,,,,,,,,,,,,,,,,7.0,,AT2022jey,microlensing event candidate,17.5,false,2459786.53609838,,1.0,Gaia22btc,,,false,,ivo://Gaia22btc,,155.42228848312828,0.0
Gaia22buv,2.43615,-11.51524,279.53295,-32.24787,,Gaia22buv,SIDEREAL,2022-05-17 14:05:07.958808+00:00,2022-05-17 14:05:31.354620+00:00,279.53295,-32.24787,2000.0,,,,2.4361471742580303,-11.515240048133986,,,,,,,,,,,,,,,,,,8.0,,AT2022jqp,microlensing event candidate,16.88,false,2459691.68881,,1.0,Gaia22buv,,,false,,ivo://Gaia22buv,,137.39511875820278,0.0
Gaia22bvq,310.17292,4.25383,206.52146,-57.84758,,Gaia22bvq,SIDEREAL,2022-05-20 12:30:36.365515+00:00,2022-08-06 08:12:52.944322+00:00,206.52146,-57.84758,2000.0,,,,310.17292160160815,4.253828783110508,,,,,,,,,,,,,,,,,,1.0,,,microlensing candidate,16.95,false,2459756.04863,,100.0,Gaia22bvq,,,false,,ivo://Gaia22bvq,,94.23796796729525,0.0
Gaia22chx,42.62545,-4.09192,290.96845,6.71524,,Gaia22chx,SIDEREAL,2022-06-10 13:15:13.718079+00:00,2022-06-10 13:15:31.871767+00:00,290.96845,6.71524,2000.0,,,,42.62545134679211,-4.091916406546713,,,,,,,,,,,,,,,,,,8.0,,AT2022mkn,microlensing event candidate,18.75,false,2459728.9494,,1.0,Gaia22chx,,,false,,ivo://Gaia22chx,,136.44891112471907,0.0
Gaia22chy,41.99685,4.48971,282.97315,10.10688,,Gaia22chy,SIDEREAL,2022-06-10 13:12:45.924614+00:00,2022-06-10 13:13:08.730464+00:00,282.97315,10.10688,2000.0,,,,41.99685112950055,4.489706930930882,,,,,,,,,,,,,,,,,,8.0,,AT2022mko,microlensing event candidate,18.1,false,2459729.69433,,1.0,Gaia22chy,,,false,,ivo://Gaia22chy,,139.07371676987776,0.0
Gaia22crr,313.95809,2.3695,214.4055,-58.64501,,Gaia22crr,SIDEREAL,2022-07-05 14:38:30.531340+00:00,2022-07-05 14:38:54.719105+00:00,214.4055,-58.64501,2000.0,,,,313.958087433728,2.3695016721701494,,,,,,,,,,,,,,,,,,5.0,,AT2022nsl,microlensing event candidate,18.76,false,2459757.29742,,1.0,Gaia22crr,,,false,,ivo://Gaia22crr,,119.65143109672383,0.0
Gaia22cyo,323.80046,-1.37501,234.21373,-57.38459,,Gaia22cyo,SIDEREAL,2022-07-29 12:45:30.644143+00:00,2022-07-29 12:48:12.213327+00:00,234.21373,-57.38459,2000.0,,,,323.80046467753647,-1.3750131091111015,,,,,,,,,,,,,,,,,,8.0,,AT2022pao,candidate microlensing event,18.95,false,2459778.55322,,1.0,Gaia22cyo,,,false,,ivo://Gaia22cyo,,114.16186792671387,0.0
Gaia22czv,306.89619,-4.51191,203.04828,-67.06944,,Gaia22czv,SIDEREAL,2022-07-29 09:32:23.475541+00:00,2022-07-29 09:32:50.614251+00:00,203.04828,-67.06944,2000.0,,,,306.8961861052353,-4.511906135542013,,,,,,,,,,,,,,,,,,8.0,,AT2022pfv,candidate microlensing event,18.13,false,2459780.5417,,1.0,Gaia22czv,,,false,,ivo://Gaia22czv,,101.49617552241995,0.0
Gaia22daq,308.83978,4.48357,203.98603,-57.87676,,Gaia22daq,SIDEREAL,2022-07-29 09:29:56.760242+00:00,2022-07-29 09:31:12.334539+00:00,203.98603,-57.87676,2000.0,,,,308.8397756893425,4.483567907476383,,,,,,,,,,,,,,,,,,10.0,,AT2022poh,candidate microlensing event,16.28,false,2459782.79645,,1.0,Gaia22daq,,,false,,ivo://Gaia22daq,,98.50955534070377,0.0
